{"cameraMode":{"drawMode":0,"name":"Shaded","section":"Shading Mode"},"sceneLighting":false,"audioPlay":false,"sceneViewState":{"showFog":true,"showMaterialUpdate":false,"showSkybox":true,"showFlares":true,"showImageEffects":true,"showParticleSystems":true},"in2DMode":false,"pivot":{"x":95.74795532226563,"y":44.19529724121094,"z":-469.5550537109375},"rotation":{"x":0.021012254059314729,"y":0.975999653339386,"z":-0.10967016965150833,"w":0.18699172139167787},"size":19.329612731933595,"orthographic":false}