{"cameraMode":{"drawMode":0,"name":"Shaded","section":"Shading Mode"},"sceneLighting":false,"audioPlay":false,"sceneViewState":{"showFog":true,"showMaterialUpdate":false,"showSkybox":true,"showFlares":true,"showImageEffects":true,"showParticleSystems":true},"in2DMode":false,"pivot":{"x":17.109235763549806,"y":19.988502502441408,"z":11.4326810836792},"rotation":{"x":0.2602282762527466,"y":-0.08501815795898438,"z":0.023009303957223893,"w":0.9615237712860107},"size":0.9251648783683777,"orthographic":false}